uniprot,gene,skin_score,tier,cell_type_preferred,worth_curating,evidence_exists_elsewhere,work_needed,druggable_class,structural_family,protein_class,description
P02792,FTL,0.7491057244718364,high,fibroblasts,True,False,literature or in-house data,True,False,"Cancer-related genes, Candidate cardiovascular disease genes, Disease related genes, FDA approved drug targets, Human disease related genes, Plasma proteins, Predicted intracellular proteins",Ferritin light chain
Q96FX8,PERP,0.7463042568040001,high,suprabasal keratinocytes,True,False,literature or in-house data,True,False,"Disease related genes, Human disease related genes, Potential drug targets, Predicted membrane proteins, Transporters",P53 apoptosis effector related to PMP22
P07355,ANXA2,0.7065121603008631,high,suprabasal keratinocytes,True,False,literature or in-house data,True,False,"Cancer-related genes, Disease related genes, FDA approved drug targets, Plasma proteins, Predicted intracellular proteins, Predicted secreted proteins, Transporters",Annexin A2
P55000,SLURP1,0.668477062514724,high,suprabasal keratinocytes,True,False,literature or in-house data,True,False,"Disease related genes, Human disease related genes, Plasma proteins, Potential drug targets, Predicted secreted proteins, Transporters",Secreted LY6/PLAUR domain containing 1
Q9H3M7,TXNIP,0.6645245858911533,high,vascular endothelial cells,True,False,literature or in-house data,True,False,"Cancer-related genes, Predicted intracellular proteins, Transporters",Thioredoxin interacting protein
P09758,TACSTD2,0.661239240486488,high,suprabasal keratinocytes,True,False,literature or in-house data,True,False,"Disease related genes, FDA approved drug targets, Human disease related genes, Predicted membrane proteins",Tumor associated calcium signal transducer 2
Q01628,IFITM3,0.6575840754220454,high,vascular endothelial cells,True,False,literature or in-house data,True,False,"Essential proteins, Predicted intracellular proteins, Predicted membrane proteins, Transporters",Interferon induced transmembrane protein 3
Q96FQ6,S100A16,0.6500459675297219,high,suprabasal keratinocytes,True,False,literature or in-house data,True,False,"Predicted intracellular proteins, Transporters",S100 calcium binding protein A16
P22352,GPX3,0.6476293657386953,high,fibroblasts,True,False,literature or in-house data,True,False,"Enzymes, Metabolic proteins, Plasma proteins, Predicted intracellular proteins, Predicted secreted proteins",Glutathione peroxidase 3
P40126,DCT,0.6343135058349141,high,melanocytes,True,False,literature or in-house data,True,False,"Disease related genes, Enzymes, Human disease related genes, Metabolic proteins, Potential drug targets, Predicted membrane proteins, Transporters",Dopachrome tautomerase
Q9Y287,ITM2B,0.6259663778989834,high,suprabasal keratinocytes,True,False,literature or in-house data,True,False,"Disease related genes, Human disease related genes, Potential drug targets, Predicted intracellular proteins, Predicted membrane proteins, Predicted secreted proteins, Transporters",Integral membrane protein 2B
P17643,TYRP1,0.6217124359708394,high,melanocytes,True,False,literature or in-house data,True,False,"Disease related genes, Human disease related genes, Metabolic proteins, Potential drug targets, Predicted intracellular proteins, Predicted membrane proteins, Transporters",Tyrosinase related protein 1
P21926,CD9,0.6213243194273191,high,suprabasal keratinocytes,True,False,literature or in-house data,True,False,"Cancer-related genes, CD markers, Plasma proteins, Predicted membrane proteins, Transporters",CD9 molecule
O95467,GNAS,0.6176364357360973,high,lymphatic endothelial cells,True,False,literature or in-house data,True,False,"Cancer-related genes, Disease related genes, Human disease related genes, Potential drug targets, Predicted intracellular proteins, Predicted membrane proteins, Transporters",GNAS complex locus
Q14515,SPARCL1,0.6026331737364683,high,vascular endothelial cells,True,False,literature or in-house data,True,False,"Cancer-related genes, Plasma proteins, Predicted intracellular proteins, Predicted secreted proteins, Transporters",SPARC like 1
P00156,MT-CYB,0.8803555664680491,very_high,suprabasal keratinocytes,False,True,structural protein - skip,False,True,"Disease related genes, Human disease related genes, Metabolic proteins, Predicted membrane proteins",Mitochondrially encoded cytochrome b
P03897,MT-ND3,0.8730663517886461,very_high,basal keratinocytes,False,True,structural protein - skip,True,True,"Disease related genes, Enzymes, Human disease related genes, Metabolic proteins, Potential drug targets, Predicted membrane proteins",Mitochondrially encoded NADH:ubiquinone oxidoreductase core subunit 3
P03891,MT-ND2,0.8438322675910722,very_high,basal keratinocytes,False,True,structural protein - skip,True,True,"Disease related genes, Enzymes, Human disease related genes, Metabolic proteins, Potential drug targets, Predicted membrane proteins",Mitochondrially encoded NADH:ubiquinone oxidoreductase core subunit 2
P03915,MT-ND5,0.778806984058722,high,suprabasal keratinocytes,False,True,structural protein - skip,True,True,"Disease related genes, Enzymes, Human disease related genes, Metabolic proteins, Potential drug targets, Predicted membrane proteins",Mitochondrially encoded NADH:ubiquinone oxidoreductase core subunit 5
P03901,MT-ND4L,0.7394982475321479,high,melanocytes,False,True,structural protein - skip,True,True,"Disease related genes, Enzymes, Human disease related genes, Metabolic proteins, Potential drug targets, Predicted membrane proteins",Mitochondrially encoded NADH:ubiquinone oxidoreductase core subunit 4L
P02795,MT2A,0.7220553485318841,high,fibroblasts,False,True,not in a druggable class - low priority,False,False,"Essential proteins, Plasma proteins, Predicted intracellular proteins",Metallothionein 2A
P01100,FOS,0.7194859137708474,high,fibroblasts,False,True,not in a druggable class - low priority,False,False,"Cancer-related genes, Predicted intracellular proteins, Transcription factors","Fos proto-oncogene, AP-1 transcription factor subunit"
P84243,H3-3B,0.7037878884673521,high,suprabasal keratinocytes,False,True,structural protein - skip,False,True,"Cancer-related genes, Disease related genes, Human disease related genes, Predicted intracellular proteins",H3.3 histone B
P03923,MT-ND6,0.6771584158137698,high,lymphatic endothelial cells,False,True,structural protein - skip,True,True,"Disease related genes, Enzymes, Human disease related genes, Metabolic proteins, Potential drug targets, Predicted membrane proteins",Mitochondrially encoded NADH:ubiquinone oxidoreductase core subunit 6
P02533,KRT14,0.907667422083825,very_high,basal keratinocytes,False,False,structural protein - skip,False,True,"Cancer-related genes, Disease related genes, Human disease related genes, Plasma proteins, Predicted intracellular proteins",Keratin 14
P13645,KRT10,0.8880445130927439,very_high,suprabasal keratinocytes,False,False,structural protein - skip,False,True,"Disease related genes, Human disease related genes, Plasma proteins, Predicted intracellular proteins, Predicted secreted proteins",Keratin 10
P04264,KRT1,0.8700733702093121,very_high,suprabasal keratinocytes,False,False,structural protein - skip,False,True,"Disease related genes, Human disease related genes, Plasma proteins, Predicted intracellular proteins",Keratin 1
P60985,KRTDAP,0.840461665121819,very_high,suprabasal keratinocytes,False,False,structural protein - skip,False,True,"Plasma proteins, Predicted secreted proteins",Keratinocyte differentiation associated protein
P13647,KRT5,0.836846142548402,very_high,basal keratinocytes,False,False,structural protein - skip,False,True,"Disease related genes, Human disease related genes, Plasma proteins, Predicted intracellular proteins",Keratin 5
P62945,RPL41,0.8138064519950935,very_high,suprabasal keratinocytes,False,False,structural protein - skip,False,True,"Predicted intracellular proteins, Ribosomal proteins",Ribosomal protein L41
Q6E0U4,DMKN,0.8120014668174058,very_high,suprabasal keratinocytes,False,False,not in a druggable class - low priority,False,False,"Plasma proteins, Predicted intracellular proteins, Predicted secreted proteins",Dermokine
P62910,RPL32,0.7924566705957024,high,suprabasal keratinocytes,False,False,structural protein - skip,False,True,"Essential proteins, Plasma proteins, Predicted intracellular proteins, Ribosomal proteins",Ribosomal protein L32
P05388,RPLP0,0.7759481785541342,high,suprabasal keratinocytes,False,False,structural protein - skip,False,True,"Essential proteins, Plasma proteins, Predicted intracellular proteins, Ribosomal proteins",Ribosomal protein lateral stalk subunit P0
P47914,RPL29,0.770252052638253,high,suprabasal keratinocytes,False,False,structural protein - skip,False,True,"Predicted intracellular proteins, Ribosomal proteins",Ribosomal protein L29
Q6UWP8,SBSN,0.7558496831248269,high,suprabasal keratinocytes,False,False,not in a druggable class - low priority,False,False,"Plasma proteins, Predicted intracellular proteins, Predicted secreted proteins",Suprabasin
P63261,ACTG1,0.7482006823930725,high,suprabasal keratinocytes,False,False,not in a druggable class - low priority,False,False,"Disease related genes, Essential proteins, Human disease related genes, Plasma proteins, Predicted intracellular proteins",Actin gamma 1
P07585,DCN,0.7448139069635286,high,fibroblasts,False,False,not in a druggable class - low priority,False,False,"Cancer-related genes, Disease related genes, Human disease related genes, Plasma proteins, Predicted intracellular proteins, Predicted secreted proteins",Decorin
P05090,APOD,0.7237968306873636,high,fibroblasts,False,False,not in a druggable class - low priority,False,False,"Cancer-related genes, Candidate cardiovascular disease genes, Plasma proteins, Predicted secreted proteins",Apolipoprotein D
Q14210,LY6D,0.7205762501360812,high,suprabasal keratinocytes,False,False,not in a druggable class - low priority,False,False,"Plasma proteins, Predicted membrane proteins",Lymphocyte antigen 6 family member D
P02538,KRT6A,0.720008033735299,high,suprabasal keratinocytes,False,False,structural protein - skip,False,True,"Disease related genes, Human disease related genes, Plasma proteins, Predicted intracellular proteins",Keratin 6A
E9PAV3,NACA,0.7190010493625021,high,suprabasal keratinocytes,False,False,not in a druggable class - low priority,False,False,"Essential proteins, Plasma proteins, Predicted intracellular proteins",Nascent polypeptide associated complex subunit alpha
P29034,S100A2,0.7157920546407248,high,basal keratinocytes,False,False,not in a druggable class - low priority,False,False,"Cancer-related genes, Predicted intracellular proteins",S100 calcium binding protein A2
P62987,UBA52,0.7104695627028708,high,suprabasal keratinocytes,False,False,not in a druggable class - low priority,False,False,"Essential proteins, Predicted intracellular proteins, Ribosomal proteins",Ubiquitin A-52 residue ribosomal protein fusion product 1
P19012,KRT15,0.7058635270082785,high,basal keratinocytes,False,False,structural protein - skip,False,True,"Cancer-related genes, Plasma proteins, Predicted intracellular proteins",Keratin 15
P22531,SPRR2E,0.7022158480814302,high,suprabasal keratinocytes,False,False,not in a druggable class - low priority,False,False,Predicted intracellular proteins,Small proline rich protein 2E
P80297,MT1X,0.7015948085513192,high,suprabasal keratinocytes,False,False,not in a druggable class - low priority,False,False,Predicted intracellular proteins,Metallothionein 1X
P62891,RPL39,0.6987729947473605,high,suprabasal keratinocytes,False,False,structural protein - skip,False,True,"Essential proteins, Predicted intracellular proteins, Ribosomal proteins",Ribosomal protein L39
Q04695,KRT17,0.6980050360860248,high,suprabasal keratinocytes,False,False,structural protein - skip,False,True,"Cancer-related genes, Disease related genes, Human disease related genes, Plasma proteins, Predicted intracellular proteins",Keratin 17
P08779,KRT16,0.6937299674001023,high,suprabasal keratinocytes,False,False,structural protein - skip,False,True,"Disease related genes, Human disease related genes, Plasma proteins, Predicted intracellular proteins",Keratin 16
Q9HCY8,S100A14,0.6935179298125703,high,suprabasal keratinocytes,False,False,not in a druggable class - low priority,False,False,"Plasma proteins, Predicted intracellular proteins",S100 calcium binding protein A14
O95715,CXCL14,0.6927910975618141,high,basal keratinocytes,False,False,not in a druggable class - low priority,False,False,Predicted secreted proteins,C-X-C motif chemokine ligand 14
P61927,RPL37,0.6890235575855453,high,suprabasal keratinocytes,False,False,structural protein - skip,False,True,"Essential proteins, Predicted intracellular proteins, Ribosomal proteins",Ribosomal protein L37
P0CG48,UBC,0.6859268092805589,high,suprabasal keratinocytes,False,False,not in a druggable class - low priority,False,False,Predicted intracellular proteins,Ubiquitin C
P01040,CSTA,0.6846203303748664,high,suprabasal keratinocytes,False,False,not in a druggable class - low priority,False,False,"Cancer-related genes, Disease related genes, Human disease related genes, Plasma proteins, Predicted intracellular proteins",Cystatin A
O95274,LYPD3,0.6804361687529403,high,suprabasal keratinocytes,False,False,not in a druggable class - low priority,False,False,Predicted membrane proteins,LY6/PLAUR domain containing 3
Q9BPY8,HOPX,0.6793016345432711,high,suprabasal keratinocytes,False,False,not in a druggable class - low priority,False,False,"Predicted intracellular proteins, Transcription factors",HOP homeobox
P06396,GSN,0.6773415482350329,high,fibroblasts,False,False,not in a druggable class - low priority,False,False,"Cancer-related genes, Disease related genes, Human disease related genes, Plasma proteins, Predicted intracellular proteins, Predicted secreted proteins",Gelsolin
Q9NQ38,SPINK5,0.6768849813596578,high,suprabasal keratinocytes,False,False,not in a druggable class - low priority,False,False,"Disease related genes, Human disease related genes, Plasma proteins, Predicted secreted proteins",Serine peptidase inhibitor Kazal type 5
Q9NZT1,CALML5,0.6691291672292257,high,suprabasal keratinocytes,False,False,not in a druggable class - low priority,False,False,"Plasma proteins, Predicted intracellular proteins, RAS pathway related proteins",Calmodulin like 5
P08493,MGP,0.6688148061201293,high,fibroblasts,False,False,not in a druggable class - low priority,False,False,"Disease related genes, Human disease related genes, Predicted intracellular proteins, Predicted secreted proteins",Matrix Gla protein
P35908,KRT2,0.6680905089770157,high,suprabasal keratinocytes,False,False,structural protein - skip,True,True,"Disease related genes, FDA approved drug targets, Human disease related genes, Plasma proteins, Predicted intracellular proteins",Keratin 2
P26651,ZFP36,0.6622398564245189,high,vascular endothelial cells,False,False,not in a druggable class - low priority,False,False,Predicted intracellular proteins,ZFP36 ring finger protein
P01034,CST3,0.6609270918058334,high,fibroblasts,False,False,not in a druggable class - low priority,False,False,"Cancer-related genes, Disease related genes, Human disease related genes, Plasma proteins, Predicted secreted proteins",Cystatin C
P02649,APOE,0.6597845953905724,high,melanocytes,False,False,not in a druggable class - low priority,False,False,"Cancer-related genes, Candidate cardiovascular disease genes, Disease related genes, Human disease related genes, Metabolic proteins, Plasma proteins, Predicted secreted proteins",Apolipoprotein E
P62854,RPS26,0.6565757599347878,high,suprabasal keratinocytes,False,False,structural protein - skip,False,True,"Disease related genes, Human disease related genes, Predicted intracellular proteins, Ribosomal proteins",Ribosomal protein S26
P84101,SERF2,0.6553529093172037,high,suprabasal keratinocytes,False,False,not in a druggable class - low priority,False,False,Predicted intracellular proteins,Small EDRK-rich factor 2
Q07352,ZFP36L1,0.6549865393096422,high,suprabasal keratinocytes,False,False,not in a druggable class - low priority,False,False,"Cancer-related genes, Plasma proteins, Predicted intracellular proteins",ZFP36 ring finger protein like 1
P17275,JUNB,0.654602431328152,high,fibroblasts,False,False,not in a druggable class - low priority,False,False,"Human disease related genes, Plasma proteins, Predicted intracellular proteins, Transcription factors","JunB proto-oncogene, AP-1 transcription factor subunit"
P22528,SPRR1B,0.650582184888405,high,suprabasal keratinocytes,False,False,not in a druggable class - low priority,False,False,"Cancer-related genes, Essential proteins, Predicted intracellular proteins",Small proline rich protein 1B
P31151,S100A7,0.6424585414008155,high,suprabasal keratinocytes,False,False,not in a druggable class - low priority,False,False,"Cancer-related genes, Plasma proteins, Predicted intracellular proteins, Predicted secreted proteins",S100 calcium binding protein A7
P0CG47,UBB,0.6408284053826927,high,melanocytes,False,False,not in a druggable class - low priority,False,False,Predicted intracellular proteins,Ubiquitin B
P41567,EIF1,0.6390571556412837,high,suprabasal keratinocytes,False,False,not in a druggable class - low priority,False,False,"Essential proteins, Plasma proteins, Predicted intracellular proteins",Eukaryotic translation initiation factor 1
Q14134,TRIM29,0.6377790152413532,high,suprabasal keratinocytes,False,False,not in a druggable class - low priority,False,False,Predicted intracellular proteins,Tripartite motif containing 29
Q9UMD9,COL17A1,0.6351343003846062,high,basal keratinocytes,False,False,structural protein - skip,False,True,"Cancer-related genes, Disease related genes, Human disease related genes, Plasma proteins, Predicted intracellular proteins, Predicted membrane proteins, Predicted secreted proteins",Collagen type XVII alpha 1 chain
Q9BYD5,CNFN,0.6346859324677891,high,suprabasal keratinocytes,False,False,not in a druggable class - low priority,False,False,Predicted intracellular proteins,Cornifelin
Q14956,GPNMB,0.6324790079619249,high,melanocytes,False,False,not in a druggable class - low priority,False,False,"Disease related genes, Human disease related genes, Plasma proteins, Predicted intracellular proteins, Predicted membrane proteins",Glycoprotein nmb
P08123,COL1A2,0.6322301130494516,high,fibroblasts,False,False,structural protein - skip,False,True,"Cancer-related genes, Disease related genes, Human disease related genes, Plasma proteins, Predicted secreted proteins",Collagen type I alpha 2 chain
P83881,RPL36A,0.6313533231047473,high,suprabasal keratinocytes,False,False,structural protein - skip,False,True,"Essential proteins, Metabolic proteins, Predicted intracellular proteins, Ribosomal proteins",Ribosomal protein L36a
Q9H3Y8,PPDPF,0.6292116079806429,high,suprabasal keratinocytes,False,False,not in a druggable class - low priority,False,False,Predicted intracellular proteins,Pancreatic progenitor cell differentiation and proliferation factor
Q13835,PKP1,0.6284187461391226,high,suprabasal keratinocytes,False,False,not in a druggable class - low priority,False,False,"Disease related genes, Human disease related genes, Plasma proteins, Predicted intracellular proteins",Plakophilin 1
Q9P0U1,TOMM7,0.6278643908866812,high,basal keratinocytes,False,False,not in a druggable class - low priority,False,False,"Predicted intracellular proteins, Predicted membrane proteins",Translocase of outer mitochondrial membrane 7
Q03001,DST,0.6223763813439185,high,basal keratinocytes,False,False,not in a druggable class - low priority,False,False,"Cancer-related genes, Disease related genes, Human disease related genes, Plasma proteins, Predicted intracellular proteins",Dystonin
P23142,FBLN1,0.6185693063354467,high,fibroblasts,False,False,not in a druggable class - low priority,False,False,"Disease related genes, Human disease related genes, Plasma proteins, Predicted intracellular proteins, Predicted secreted proteins",Fibulin 1
Q16270,IGFBP7,0.6172423413153469,high,lymphatic endothelial cells,False,False,not in a druggable class - low priority,False,False,"Disease related genes, Plasma proteins, Predicted secreted proteins",Insulin like growth factor binding protein 7
P02461,COL3A1,0.6166364128644164,high,fibroblasts,False,False,structural protein - skip,True,True,"Disease related genes, FDA approved drug targets, Human disease related genes, Plasma proteins, Predicted intracellular proteins, Predicted secreted proteins",Collagen type III alpha 1 chain
P03973,SLPI,0.6164396997036528,high,suprabasal keratinocytes,False,False,not in a druggable class - low priority,False,False,"Cancer-related genes, Plasma proteins, Predicted secreted proteins",Secretory leukocyte peptidase inhibitor
P12110,COL6A2,0.6155491915150813,high,fibroblasts,False,False,structural protein - skip,False,True,"Disease related genes, Human disease related genes, Plasma proteins, Predicted intracellular proteins, Predicted secreted proteins",Collagen type VI alpha 2 chain
Q9NZM5,NOP53,0.6147348075866228,high,basal keratinocytes,False,False,not in a druggable class - low priority,False,False,"Essential proteins, Predicted intracellular proteins",NOP53 ribosome biogenesis factor
Q9H299,SH3BGRL3,0.6120119154550876,high,suprabasal keratinocytes,False,False,not in a druggable class - low priority,False,False,"Plasma proteins, Predicted intracellular proteins",SH3 domain binding glutamate rich protein like 3
P13646,KRT13,0.6092258366766179,high,suprabasal keratinocytes,False,False,structural protein - skip,False,True,"Cancer-related genes, Disease related genes, Human disease related genes, Plasma proteins, Predicted intracellular proteins",Keratin 13
Q14574,DSC3,0.605096763243778,high,suprabasal keratinocytes,False,False,not in a druggable class - low priority,False,False,"Disease related genes, Human disease related genes, Plasma proteins, Predicted membrane proteins",Desmocollin 3
